img;source
http://imgs.neverfate.ru/aligns/align2.png;neverfate.ru
http://imgs.neverfate.ru/clans/PATRIOTSofLIGHTNESS.gif;neverfate.ru
http://imgs.neverfate.ru/i/inf_1.png;neverfate.ru
http://imgs.neverfate.ru/aligns/align2.png;neverfate.ru
http://imgs.neverfate.ru/i/inf_1.png;neverfate.ru
http://imgs.neverfate.ru/aligns/align1.png;neverfate.ru
http://imgs.neverfate.ru/clans/CID.gif;neverfate.ru
http://imgs.neverfate.ru/i/inf_1.png;neverfate.ru
http://imgs.neverfate.ru/aligns/align2.png;neverfate.ru
http://imgs.neverfate.ru/clans/Shamans.gif;neverfate.ru
http://imgs.neverfate.ru/i/inf_1.png;neverfate.ru
http://imgs.neverfate.ru/aligns/align2.png;neverfate.ru
http://imgs.neverfate.ru/clans/LightForce.gif;neverfate.ru
http://imgs.neverfate.ru/i/inf_1.png;neverfate.ru
http://imgs.neverfate.ru/aligns/align1.png;neverfate.ru
http://imgs.neverfate.ru/clans/DarkMindhunters.gif;neverfate.ru
http://imgs.neverfate.ru/i/inf_1.png;neverfate.ru
http://imgs.neverfate.ru/aligns/align4.png;neverfate.ru
http://imgs.neverfate.ru/clans/MaDCrowD.gif;neverfate.ru
http://imgs.neverfate.ru/i/inf_1.png;neverfate.ru
http://imgs.neverfate.ru/aligns/align2.png;neverfate.ru
http://imgs.neverfate.ru/clans/Unrestrained.gif;neverfate.ru
http://imgs.neverfate.ru/i/inf_1.png;neverfate.ru
http://imgs.neverfate.ru/aligns/align2.png;neverfate.ru
http://imgs.neverfate.ru/i/inf_1.png;neverfate.ru
http://imgs.neverfate.ru/aligns/align1.png;neverfate.ru
http://imgs.neverfate.ru/clans/SoulsOfRain.gif;neverfate.ru
http://imgs.neverfate.ru/i/inf_1.png;neverfate.ru
http://imgs.neverfate.ru/aligns/align2.png;neverfate.ru
http://imgs.neverfate.ru/clans/LightForce.gif;neverfate.ru
http://imgs.neverfate.ru/i/inf_1.png;neverfate.ru
http://imgs.neverfate.ru/aligns/align3.png;neverfate.ru
http://imgs.neverfate.ru/clans/Investigators.gif;neverfate.ru
http://imgs.neverfate.ru/i/inf_1.png;neverfate.ru
http://imgs.neverfate.ru/aligns/align2.png;neverfate.ru
http://imgs.neverfate.ru/clans/DarkDeathKnight.gif;neverfate.ru
http://imgs.neverfate.ru/i/inf_1.png;neverfate.ru
http://imgs.neverfate.ru/aligns/align1.png;neverfate.ru
http://imgs.neverfate.ru/clans/DarkMindhunters.gif;neverfate.ru
http://imgs.neverfate.ru/i/inf_1.png;neverfate.ru
http://imgs.neverfate.ru/aligns/align1.png;neverfate.ru
http://imgs.neverfate.ru/clans/CID.gif;neverfate.ru
http://imgs.neverfate.ru/i/inf_1.png;neverfate.ru
http://imgs.neverfate.ru/aligns/align1.png;neverfate.ru
http://imgs.neverfate.ru/clans/Vendetta.gif;neverfate.ru
http://imgs.neverfate.ru/i/inf_1.png;neverfate.ru
http://imgs.neverfate.ru/aligns/align1.png;neverfate.ru
http://imgs.neverfate.ru/clans/REmpire.gif;neverfate.ru
http://imgs.neverfate.ru/i/inf_1.png;neverfate.ru
http://imgs.neverfate.ru/aligns/align2.png;neverfate.ru
http://imgs.neverfate.ru/clans/GuardsOfLight.gif;neverfate.ru
http://imgs.neverfate.ru/i/inf_1.png;neverfate.ru
http://imgs.neverfate.ru/aligns/align4.png;neverfate.ru
http://imgs.neverfate.ru/clans/AutoClub.gif;neverfate.ru
http://imgs.neverfate.ru/i/inf_1.png;neverfate.ru
http://imgs.neverfate.ru/aligns/align2.png;neverfate.ru
http://imgs.neverfate.ru/clans/WhiteTigers.gif;neverfate.ru
http://imgs.neverfate.ru/i/inf_1.png;neverfate.ru
http://imgs.neverfate.ru/aligns/align3.png;neverfate.ru
http://imgs.neverfate.ru/i/inf_1.png;neverfate.ru
http://imgs.neverfate.ru/aligns/align4.png;neverfate.ru
http://imgs.neverfate.ru/clans/LightForce.gif;neverfate.ru
http://imgs.neverfate.ru/i/inf_1.png;neverfate.ru
http://imgs.neverfate.ru/aligns/align1.png;neverfate.ru
http://imgs.neverfate.ru/clans/DarkMindhunters.gif;neverfate.ru
http://imgs.neverfate.ru/i/inf_1.png;neverfate.ru
http://imgs.neverfate.ru/aligns/align1.png;neverfate.ru
http://imgs.neverfate.ru/clans/Phoenix.gif;neverfate.ru
http://imgs.neverfate.ru/i/inf_1.png;neverfate.ru
http://imgs.neverfate.ru/aligns/align3.png;neverfate.ru
http://imgs.neverfate.ru/i/inf_1.png;neverfate.ru
http://imgs.neverfate.ru/aligns/align1.png;neverfate.ru
http://imgs.neverfate.ru/clans/Adamant.gif;neverfate.ru
http://imgs.neverfate.ru/i/inf_1.png;neverfate.ru
http://imgs.neverfate.ru/aligns/align2.png;neverfate.ru
http://imgs.neverfate.ru/clans/LightForce.gif;neverfate.ru
http://imgs.neverfate.ru/i/inf_1.png;neverfate.ru
http://imgs.neverfate.ru/aligns/align1.png;neverfate.ru
http://imgs.neverfate.ru/i/inf_1.png;neverfate.ru
http://imgs.neverfate.ru/aligns/align2.png;neverfate.ru
http://imgs.neverfate.ru/clans/Apocalipse.gif;neverfate.ru
http://imgs.neverfate.ru/i/inf_1.png;neverfate.ru
http://imgs.neverfate.ru/aligns/align3.png;neverfate.ru
http://imgs.neverfate.ru/clans/GuardsOfChaos.gif;neverfate.ru
http://imgs.neverfate.ru/i/inf_1.png;neverfate.ru
http://imgs.neverfate.ru/aligns/align4.png;neverfate.ru
http://imgs.neverfate.ru/clans/Adamant.gif;neverfate.ru
http://imgs.neverfate.ru/i/inf_1.png;neverfate.ru
http://imgs.neverfate.ru/aligns/align2.png;neverfate.ru
http://imgs.neverfate.ru/clans/WhiteTigers.gif;neverfate.ru
http://imgs.neverfate.ru/i/inf_1.png;neverfate.ru
http://imgs.neverfate.ru/aligns/align4.png;neverfate.ru
http://imgs.neverfate.ru/clans/CID.gif;neverfate.ru
http://imgs.neverfate.ru/i/inf_1.png;neverfate.ru
http://imgs.neverfate.ru/aligns/align1.png;neverfate.ru
http://imgs.neverfate.ru/clans/MysteriousLegion.gif;neverfate.ru
http://imgs.neverfate.ru/i/inf_1.png;neverfate.ru
http://imgs.neverfate.ru/aligns/align1.png;neverfate.ru
http://imgs.neverfate.ru/i/inf_1.png;neverfate.ru
http://imgs.neverfate.ru/aligns/align4.png;neverfate.ru
http://imgs.neverfate.ru/clans/SymbolOfSunrise.gif;neverfate.ru
http://imgs.neverfate.ru/i/inf_1.png;neverfate.ru
http://imgs.neverfate.ru/aligns/align3.png;neverfate.ru
http://imgs.neverfate.ru/clans/LXGC.gif;neverfate.ru
http://imgs.neverfate.ru/i/inf_1.png;neverfate.ru
http://imgs.neverfate.ru/aligns/align2.png;neverfate.ru
http://imgs.neverfate.ru/clans/Lumen.gif;neverfate.ru
http://imgs.neverfate.ru/i/inf_1.png;neverfate.ru
http://imgs.neverfate.ru/aligns/align1.png;neverfate.ru
http://imgs.neverfate.ru/clans/MysteriousLegion.gif;neverfate.ru
http://imgs.neverfate.ru/i/inf_1.png;neverfate.ru
http://imgs.neverfate.ru/aligns/align2.png;neverfate.ru
http://imgs.neverfate.ru/clans/LightForce.gif;neverfate.ru
http://imgs.neverfate.ru/i/inf_1.png;neverfate.ru
http://imgs.neverfate.ru/aligns/align4.png;neverfate.ru
http://imgs.neverfate.ru/clans/CID.gif;neverfate.ru
http://imgs.neverfate.ru/i/inf_1.png;neverfate.ru
http://imgs.neverfate.ru/aligns/align2.png;neverfate.ru
http://imgs.neverfate.ru/clans/SymbolOfSunrise.gif;neverfate.ru
http://imgs.neverfate.ru/i/inf_1.png;neverfate.ru
http://imgs.neverfate.ru/aligns/align3.png;neverfate.ru
http://imgs.neverfate.ru/clans/ChaosThroughLight.gif;neverfate.ru
http://imgs.neverfate.ru/i/inf_1.png;neverfate.ru
http://imgs.neverfate.ru/offers/cashback.gif;neverfate.ru
http://imgs.neverfate.ru/screens/screen_2.png;neverfate.ru
http://imgs.neverfate.ru/screens/screen_7.png;neverfate.ru
http://imgs.neverfate.ru/screens/screen_10.png;neverfate.ru
http://imgs.neverfate.ru/screens/screen_9.png;neverfate.ru
http://top100-images.rambler.ru/top100/banner-88x31-rambler-black2.gif;neverfate.ru
